<?xml version='1.0' encoding='UTF-8'?>
<feed xmlns="http://www.w3.org/2005/Atom" xml:lang="en"><id>https://cheatsheetseries.owasp.org/</id><title>OWASP Cheat Sheet Series update</title><updated>2021-03-20T05:36:35+00:00</updated><author><name>Core team</name><email>dominique.righetto@owasp.org</email></author><link href="https://cheatsheetseries.owasp.org" rel="self"/><link href="https://github.com/OWASP/CheatSheetSeries" rel="alternate"/><generator uri="https://lkiesow.github.io/python-feedgen" version="0.9.0">python-feedgen</generator><icon>https://cheatsheetseries.owasp.org/gitbook/images/favicon.ico</icon><subtitle>List of the last updates on the content</subtitle><entry><id>https://github.com/OWASP/CheatSheetSeries/pull/475</id><title>[Session management] Add common session absolute timeouts</title><updated>2020-08-31T09:31:18+00:00</updated><link href="https://github.com/OWASP/CheatSheetSeries/pull/475" rel="self"/><link href="https://github.com/OWASP/CheatSheetSeries/pull/475" rel="alternate"/><published>2020-08-31T09:31:18+00:00</published></entry><entry><id>https://github.com/OWASP/CheatSheetSeries/pull/478</id><title>Update Authorization CS draft</title><updated>2020-09-17T02:06:22+00:00</updated><link href="https://github.com/OWASP/CheatSheetSeries/pull/478" rel="self"/><link href="https://github.com/OWASP/CheatSheetSeries/pull/478" rel="alternate"/><published>2020-09-17T02:06:22+00:00</published></entry><entry><id>https://github.com/OWASP/CheatSheetSeries/pull/480</id><title>Fix deadlinks</title><updated>2020-09-07T08:24:49+00:00</updated><link href="https://github.com/OWASP/CheatSheetSeries/pull/480" rel="self"/><link href="https://github.com/OWASP/CheatSheetSeries/pull/480" rel="alternate"/><published>2020-09-07T08:24:49+00:00</published></entry><entry><id>https://github.com/OWASP/CheatSheetSeries/pull/481</id><title>Web Services Security: Add "Resources Limiting" sub-section under "Availability"</title><updated>2020-09-14T11:46:37+00:00</updated><link href="https://github.com/OWASP/CheatSheetSeries/pull/481" rel="self"/><link href="https://github.com/OWASP/CheatSheetSeries/pull/481" rel="alternate"/><published>2020-09-14T11:46:37+00:00</published></entry><entry><id>https://github.com/OWASP/CheatSheetSeries/pull/484</id><title>TLS_CIPHER_STRING_CHEAT_SHEET Fixed inconsistencies</title><updated>2020-09-10T14:11:21+00:00</updated><link href="https://github.com/OWASP/CheatSheetSeries/pull/484" rel="self"/><link href="https://github.com/OWASP/CheatSheetSeries/pull/484" rel="alternate"/><published>2020-09-10T14:11:21+00:00</published></entry><entry><id>https://github.com/OWASP/CheatSheetSeries/pull/485</id><title>XXE Semgrep Rules</title><updated>2020-09-17T02:05:33+00:00</updated><link href="https://github.com/OWASP/CheatSheetSeries/pull/485" rel="self"/><link href="https://github.com/OWASP/CheatSheetSeries/pull/485" rel="alternate"/><published>2020-09-17T02:05:33+00:00</published></entry><entry><id>https://github.com/OWASP/CheatSheetSeries/pull/487</id><title>Fix wrong word choice, account -&gt; attack</title><updated>2020-09-16T10:30:30+00:00</updated><link href="https://github.com/OWASP/CheatSheetSeries/pull/487" rel="self"/><link href="https://github.com/OWASP/CheatSheetSeries/pull/487" rel="alternate"/><published>2020-09-16T10:30:30+00:00</published></entry><entry><id>https://github.com/OWASP/CheatSheetSeries/pull/489</id><title>Remove potentially misleading advice re JAXB on OpenJDK 1.8</title><updated>2020-09-17T02:03:42+00:00</updated><link href="https://github.com/OWASP/CheatSheetSeries/pull/489" rel="self"/><link href="https://github.com/OWASP/CheatSheetSeries/pull/489" rel="alternate"/><published>2020-09-17T02:03:42+00:00</published></entry><entry><id>https://github.com/OWASP/CheatSheetSeries/pull/491</id><title>New CS Microservice security</title><updated>2020-10-13T07:20:55+00:00</updated><link href="https://github.com/OWASP/CheatSheetSeries/pull/491" rel="self"/><link href="https://github.com/OWASP/CheatSheetSeries/pull/491" rel="alternate"/><published>2020-10-13T07:20:55+00:00</published></entry><entry><id>https://github.com/OWASP/CheatSheetSeries/pull/493</id><title>Make introductory section of threat modeling CS clearer</title><updated>2020-10-01T02:09:26+00:00</updated><link href="https://github.com/OWASP/CheatSheetSeries/pull/493" rel="self"/><link href="https://github.com/OWASP/CheatSheetSeries/pull/493" rel="alternate"/><published>2020-10-01T02:09:26+00:00</published></entry><entry><id>https://github.com/OWASP/CheatSheetSeries/pull/495</id><title>Authorization Cheat Sheet</title><updated>2020-10-28T09:44:51+00:00</updated><link href="https://github.com/OWASP/CheatSheetSeries/pull/495" rel="self"/><link href="https://github.com/OWASP/CheatSheetSeries/pull/495" rel="alternate"/><published>2020-10-28T09:44:51+00:00</published></entry><entry><id>https://github.com/OWASP/CheatSheetSeries/pull/496</id><title>Update K8s Security CS with Service mesh &amp; OPA</title><updated>2020-11-09T09:30:59+00:00</updated><link href="https://github.com/OWASP/CheatSheetSeries/pull/496" rel="self"/><link href="https://github.com/OWASP/CheatSheetSeries/pull/496" rel="alternate"/><published>2020-11-09T09:30:59+00:00</published></entry><entry><id>https://github.com/OWASP/CheatSheetSeries/pull/497</id><title>Fix (typo): Fixes #477</title><updated>2020-10-13T07:16:25+00:00</updated><link href="https://github.com/OWASP/CheatSheetSeries/pull/497" rel="self"/><link href="https://github.com/OWASP/CheatSheetSeries/pull/497" rel="alternate"/><published>2020-10-13T07:16:25+00:00</published></entry><entry><id>https://github.com/OWASP/CheatSheetSeries/pull/499</id><title>Update Password_Storage_Cheat_Sheet.md</title><updated>2020-10-12T21:31:49+00:00</updated><link href="https://github.com/OWASP/CheatSheetSeries/pull/499" rel="self"/><link href="https://github.com/OWASP/CheatSheetSeries/pull/499" rel="alternate"/><published>2020-10-12T21:31:49+00:00</published></entry><entry><id>https://github.com/OWASP/CheatSheetSeries/pull/500</id><title>Session Management: Fix slashes after an origin</title><updated>2020-10-13T07:15:36+00:00</updated><link href="https://github.com/OWASP/CheatSheetSeries/pull/500" rel="self"/><link href="https://github.com/OWASP/CheatSheetSeries/pull/500" rel="alternate"/><published>2020-10-13T07:15:36+00:00</published></entry><entry><id>https://github.com/OWASP/CheatSheetSeries/pull/502</id><title>Fix of the bug that prevents us to update new offline site</title><updated>2020-10-27T17:23:24+00:00</updated><link href="https://github.com/OWASP/CheatSheetSeries/pull/502" rel="self"/><link href="https://github.com/OWASP/CheatSheetSeries/pull/502" rel="alternate"/><published>2020-10-27T17:23:24+00:00</published></entry><entry><id>https://github.com/OWASP/CheatSheetSeries/pull/503</id><title>Adding a referene for default CSRF protection in Angular JS</title><updated>2020-10-28T09:36:19+00:00</updated><link href="https://github.com/OWASP/CheatSheetSeries/pull/503" rel="self"/><link href="https://github.com/OWASP/CheatSheetSeries/pull/503" rel="alternate"/><published>2020-10-28T09:36:19+00:00</published></entry><entry><id>https://github.com/OWASP/CheatSheetSeries/pull/505</id><title>Update Docker_Security_Cheat_Sheet.md</title><updated>2020-11-09T09:33:43+00:00</updated><link href="https://github.com/OWASP/CheatSheetSeries/pull/505" rel="self"/><link href="https://github.com/OWASP/CheatSheetSeries/pull/505" rel="alternate"/><published>2020-11-09T09:33:43+00:00</published></entry><entry><id>https://github.com/OWASP/CheatSheetSeries/pull/506</id><title>Minor fix in crypto storage CS</title><updated>2020-10-27T17:11:32+00:00</updated><link href="https://github.com/OWASP/CheatSheetSeries/pull/506" rel="self"/><link href="https://github.com/OWASP/CheatSheetSeries/pull/506" rel="alternate"/><published>2020-10-27T17:11:32+00:00</published></entry><entry><id>https://github.com/OWASP/CheatSheetSeries/pull/507</id><title>chore: spelling errors</title><updated>2021-01-04T09:25:37+00:00</updated><link href="https://github.com/OWASP/CheatSheetSeries/pull/507" rel="self"/><link href="https://github.com/OWASP/CheatSheetSeries/pull/507" rel="alternate"/><published>2021-01-04T09:25:37+00:00</published></entry><entry><id>https://github.com/OWASP/CheatSheetSeries/pull/509</id><title>Add notable tls checkers</title><updated>2020-10-27T17:14:16+00:00</updated><link href="https://github.com/OWASP/CheatSheetSeries/pull/509" rel="self"/><link href="https://github.com/OWASP/CheatSheetSeries/pull/509" rel="alternate"/><published>2020-10-27T17:14:16+00:00</published></entry><entry><id>https://github.com/OWASP/CheatSheetSeries/pull/510</id><title>Update Session_Management_Cheat_Sheet.md</title><updated>2020-10-27T17:17:01+00:00</updated><link href="https://github.com/OWASP/CheatSheetSeries/pull/510" rel="self"/><link href="https://github.com/OWASP/CheatSheetSeries/pull/510" rel="alternate"/><published>2020-10-27T17:17:01+00:00</published></entry><entry><id>https://github.com/OWASP/CheatSheetSeries/pull/511</id><title>Fix typo in CSRF prevention cheat sheet</title><updated>2020-10-29T08:57:31+00:00</updated><link href="https://github.com/OWASP/CheatSheetSeries/pull/511" rel="self"/><link href="https://github.com/OWASP/CheatSheetSeries/pull/511" rel="alternate"/><published>2020-10-29T08:57:31+00:00</published></entry><entry><id>https://github.com/OWASP/CheatSheetSeries/pull/512</id><title>Minor title and filename typo</title><updated>2020-11-09T09:23:25+00:00</updated><link href="https://github.com/OWASP/CheatSheetSeries/pull/512" rel="self"/><link href="https://github.com/OWASP/CheatSheetSeries/pull/512" rel="alternate"/><published>2020-11-09T09:23:25+00:00</published></entry><entry><id>https://github.com/OWASP/CheatSheetSeries/pull/513</id><title>Update Error_Handling_Cheat_Sheet.md issue #285</title><updated>2020-11-09T09:22:20+00:00</updated><link href="https://github.com/OWASP/CheatSheetSeries/pull/513" rel="self"/><link href="https://github.com/OWASP/CheatSheetSeries/pull/513" rel="alternate"/><published>2020-11-09T09:22:20+00:00</published></entry><entry><id>https://github.com/OWASP/CheatSheetSeries/pull/516</id><title>XSS: remove forward slash</title><updated>2020-11-09T08:45:33+00:00</updated><link href="https://github.com/OWASP/CheatSheetSeries/pull/516" rel="self"/><link href="https://github.com/OWASP/CheatSheetSeries/pull/516" rel="alternate"/><published>2020-11-09T08:45:33+00:00</published></entry><entry><id>https://github.com/OWASP/CheatSheetSeries/pull/518</id><title>Office 365 now supports sub-addressing</title><updated>2020-11-16T12:11:01+00:00</updated><link href="https://github.com/OWASP/CheatSheetSeries/pull/518" rel="self"/><link href="https://github.com/OWASP/CheatSheetSeries/pull/518" rel="alternate"/><published>2020-11-16T12:11:01+00:00</published></entry><entry><id>https://github.com/OWASP/CheatSheetSeries/pull/519</id><title>Updated SameSite support stats</title><updated>2020-11-25T12:26:59+00:00</updated><link href="https://github.com/OWASP/CheatSheetSeries/pull/519" rel="self"/><link href="https://github.com/OWASP/CheatSheetSeries/pull/519" rel="alternate"/><published>2020-11-25T12:26:59+00:00</published></entry><entry><id>https://github.com/OWASP/CheatSheetSeries/pull/522</id><title>Update HIBP link to latest (v3) version of API</title><updated>2021-01-04T09:25:11+00:00</updated><link href="https://github.com/OWASP/CheatSheetSeries/pull/522" rel="self"/><link href="https://github.com/OWASP/CheatSheetSeries/pull/522" rel="alternate"/><published>2021-01-04T09:25:11+00:00</published></entry><entry><id>https://github.com/OWASP/CheatSheetSeries/pull/523</id><title>Document a bit snuffleupagus</title><updated>2021-01-04T09:29:53+00:00</updated><link href="https://github.com/OWASP/CheatSheetSeries/pull/523" rel="self"/><link href="https://github.com/OWASP/CheatSheetSeries/pull/523" rel="alternate"/><published>2021-01-04T09:29:53+00:00</published></entry><entry><id>https://github.com/OWASP/CheatSheetSeries/pull/524</id><title>Extend Web Storage</title><updated>2021-01-04T09:32:47+00:00</updated><link href="https://github.com/OWASP/CheatSheetSeries/pull/524" rel="self"/><link href="https://github.com/OWASP/CheatSheetSeries/pull/524" rel="alternate"/><published>2021-01-04T09:32:47+00:00</published></entry><entry><id>https://github.com/OWASP/CheatSheetSeries/pull/525</id><title>Moved the Kubernetes security cheatsheet to cheatsheets folder</title><updated>2021-01-07T13:49:19+00:00</updated><link href="https://github.com/OWASP/CheatSheetSeries/pull/525" rel="self"/><link href="https://github.com/OWASP/CheatSheetSeries/pull/525" rel="alternate"/><published>2021-01-07T13:49:19+00:00</published></entry><entry><id>https://github.com/OWASP/CheatSheetSeries/pull/526</id><title>Major reworking of the pepper section</title><updated>2021-01-15T19:31:28+00:00</updated><link href="https://github.com/OWASP/CheatSheetSeries/pull/526" rel="self"/><link href="https://github.com/OWASP/CheatSheetSeries/pull/526" rel="alternate"/><published>2021-01-15T19:31:28+00:00</published></entry><entry><id>https://github.com/OWASP/CheatSheetSeries/pull/528</id><title>Content Security Policy Cheat Sheet with more info</title><updated>2021-01-27T21:49:44+00:00</updated><link href="https://github.com/OWASP/CheatSheetSeries/pull/528" rel="self"/><link href="https://github.com/OWASP/CheatSheetSeries/pull/528" rel="alternate"/><published>2021-01-27T21:49:44+00:00</published></entry><entry><id>https://github.com/OWASP/CheatSheetSeries/pull/529</id><title>minor spelling mistake</title><updated>2021-01-26T10:03:55+00:00</updated><link href="https://github.com/OWASP/CheatSheetSeries/pull/529" rel="self"/><link href="https://github.com/OWASP/CheatSheetSeries/pull/529" rel="alternate"/><published>2021-01-26T10:03:55+00:00</published></entry><entry><id>https://github.com/OWASP/CheatSheetSeries/pull/530</id><title>Account lockout DoS advice...</title><updated>2021-02-04T09:34:37+00:00</updated><link href="https://github.com/OWASP/CheatSheetSeries/pull/530" rel="self"/><link href="https://github.com/OWASP/CheatSheetSeries/pull/530" rel="alternate"/><published>2021-02-04T09:34:37+00:00</published></entry><entry><id>https://github.com/OWASP/CheatSheetSeries/pull/531</id><title>New Laravel Cheat Sheet</title><updated>2021-02-03T17:47:51+00:00</updated><link href="https://github.com/OWASP/CheatSheetSeries/pull/531" rel="self"/><link href="https://github.com/OWASP/CheatSheetSeries/pull/531" rel="alternate"/><published>2021-02-03T17:47:51+00:00</published></entry><entry><id>https://github.com/OWASP/CheatSheetSeries/pull/533</id><title>Fix bullets in Laravel Cheatsheet</title><updated>2021-02-03T18:26:43+00:00</updated><link href="https://github.com/OWASP/CheatSheetSeries/pull/533" rel="self"/><link href="https://github.com/OWASP/CheatSheetSeries/pull/533" rel="alternate"/><published>2021-02-03T18:26:43+00:00</published></entry><entry><id>https://github.com/OWASP/CheatSheetSeries/pull/535</id><title>Detect Dom XSS using semgrep rule</title><updated>2021-02-11T08:28:24+00:00</updated><link href="https://github.com/OWASP/CheatSheetSeries/pull/535" rel="self"/><link href="https://github.com/OWASP/CheatSheetSeries/pull/535" rel="alternate"/><published>2021-02-11T08:28:24+00:00</published></entry><entry><id>https://github.com/OWASP/CheatSheetSeries/pull/536</id><title>Update Cross-Site_Request_Forgery_Prevention_Cheat_Sheet.md</title><updated>2021-02-05T17:59:30+00:00</updated><link href="https://github.com/OWASP/CheatSheetSeries/pull/536" rel="self"/><link href="https://github.com/OWASP/CheatSheetSeries/pull/536" rel="alternate"/><published>2021-02-05T17:59:30+00:00</published></entry><entry><id>https://github.com/OWASP/CheatSheetSeries/pull/538</id><title>Updated example code for limiting request size. #537</title><updated>2021-02-05T17:57:47+00:00</updated><link href="https://github.com/OWASP/CheatSheetSeries/pull/538" rel="self"/><link href="https://github.com/OWASP/CheatSheetSeries/pull/538" rel="alternate"/><published>2021-02-05T17:57:47+00:00</published></entry><entry><id>https://github.com/OWASP/CheatSheetSeries/pull/539</id><title>feat: added cc by sa license in footer</title><updated>2021-02-11T08:30:15+00:00</updated><link href="https://github.com/OWASP/CheatSheetSeries/pull/539" rel="self"/><link href="https://github.com/OWASP/CheatSheetSeries/pull/539" rel="alternate"/><published>2021-02-11T08:30:15+00:00</published></entry><entry><id>https://github.com/OWASP/CheatSheetSeries/pull/540</id><title>Update url referencing LINQ to XML</title><updated>2021-02-15T12:42:01+00:00</updated><link href="https://github.com/OWASP/CheatSheetSeries/pull/540" rel="self"/><link href="https://github.com/OWASP/CheatSheetSeries/pull/540" rel="alternate"/><published>2021-02-15T12:42:01+00:00</published></entry><entry><id>https://github.com/OWASP/CheatSheetSeries/pull/542</id><title>changing to allow and block list</title><updated>2021-03-10T00:43:28+00:00</updated><link href="https://github.com/OWASP/CheatSheetSeries/pull/542" rel="self"/><link href="https://github.com/OWASP/CheatSheetSeries/pull/542" rel="alternate"/><published>2021-03-10T00:43:28+00:00</published></entry><entry><id>https://github.com/OWASP/CheatSheetSeries/pull/545</id><title>build(deps): bump dependencies</title><updated>2021-02-22T12:48:03+00:00</updated><link href="https://github.com/OWASP/CheatSheetSeries/pull/545" rel="self"/><link href="https://github.com/OWASP/CheatSheetSeries/pull/545" rel="alternate"/><published>2021-02-22T12:48:03+00:00</published></entry><entry><id>https://github.com/OWASP/CheatSheetSeries/pull/547</id><title>docs(nodejs): spelling and grammar fixes</title><updated>2021-03-08T14:13:06+00:00</updated><link href="https://github.com/OWASP/CheatSheetSeries/pull/547" rel="self"/><link href="https://github.com/OWASP/CheatSheetSeries/pull/547" rel="alternate"/><published>2021-03-08T14:13:06+00:00</published></entry><entry><id>https://github.com/OWASP/CheatSheetSeries/pull/548</id><title>Revert "build(deps): bump dependencies"</title><updated>2021-02-23T09:32:20+00:00</updated><link href="https://github.com/OWASP/CheatSheetSeries/pull/548" rel="self"/><link href="https://github.com/OWASP/CheatSheetSeries/pull/548" rel="alternate"/><published>2021-02-23T09:32:20+00:00</published></entry><entry><id>https://github.com/OWASP/CheatSheetSeries/pull/550</id><title>build(deps): bump dependencies</title><updated>2021-03-02T10:01:33+00:00</updated><link href="https://github.com/OWASP/CheatSheetSeries/pull/550" rel="self"/><link href="https://github.com/OWASP/CheatSheetSeries/pull/550" rel="alternate"/><published>2021-03-02T10:01:33+00:00</published></entry><entry><id>https://github.com/OWASP/CheatSheetSeries/pull/551</id><title>Some grammar fixes and avoid concrete spreadsheet software mention</title><updated>2021-03-02T09:50:49+00:00</updated><link href="https://github.com/OWASP/CheatSheetSeries/pull/551" rel="self"/><link href="https://github.com/OWASP/CheatSheetSeries/pull/551" rel="alternate"/><published>2021-03-02T09:50:49+00:00</published></entry><entry><id>https://github.com/OWASP/CheatSheetSeries/pull/552</id><title>Light rewrite of CSP cheat sheet</title><updated>2021-03-10T00:45:54+00:00</updated><link href="https://github.com/OWASP/CheatSheetSeries/pull/552" rel="self"/><link href="https://github.com/OWASP/CheatSheetSeries/pull/552" rel="alternate"/><published>2021-03-10T00:45:54+00:00</published></entry><entry><id>https://github.com/OWASP/CheatSheetSeries/pull/553</id><title>Minor spelling fix</title><updated>2021-03-10T00:42:36+00:00</updated><link href="https://github.com/OWASP/CheatSheetSeries/pull/553" rel="self"/><link href="https://github.com/OWASP/CheatSheetSeries/pull/553" rel="alternate"/><published>2021-03-10T00:42:36+00:00</published></entry><entry><id>https://github.com/OWASP/CheatSheetSeries/pull/554</id><title>Updates XSS libraries from Microsoft</title><updated>2021-03-15T21:34:24+00:00</updated><link href="https://github.com/OWASP/CheatSheetSeries/pull/554" rel="self"/><link href="https://github.com/OWASP/CheatSheetSeries/pull/554" rel="alternate"/><published>2021-03-15T21:34:24+00:00</published></entry><entry><id>https://github.com/OWASP/CheatSheetSeries/pull/555</id><title>Fix minor grammatical errors</title><updated>2021-03-13T13:24:37+00:00</updated><link href="https://github.com/OWASP/CheatSheetSeries/pull/555" rel="self"/><link href="https://github.com/OWASP/CheatSheetSeries/pull/555" rel="alternate"/><published>2021-03-13T13:24:37+00:00</published></entry><entry><id>https://github.com/OWASP/CheatSheetSeries/pull/557</id><title>chore(cheatsheets): update language</title><updated>2021-03-15T21:34:45+00:00</updated><link href="https://github.com/OWASP/CheatSheetSeries/pull/557" rel="self"/><link href="https://github.com/OWASP/CheatSheetSeries/pull/557" rel="alternate"/><published>2021-03-15T21:34:45+00:00</published></entry><entry><id>https://github.com/OWASP/CheatSheetSeries/pull/558</id><title>chore(cheatsheets): update language</title><updated>2021-03-15T21:38:21+00:00</updated><link href="https://github.com/OWASP/CheatSheetSeries/pull/558" rel="self"/><link href="https://github.com/OWASP/CheatSheetSeries/pull/558" rel="alternate"/><published>2021-03-15T21:38:21+00:00</published></entry><entry><id>https://github.com/OWASP/CheatSheetSeries/pull/559</id><title>chore(cheatsheets_excluded): update language</title><updated>2021-03-15T21:38:12+00:00</updated><link href="https://github.com/OWASP/CheatSheetSeries/pull/559" rel="self"/><link href="https://github.com/OWASP/CheatSheetSeries/pull/559" rel="alternate"/><published>2021-03-15T21:38:12+00:00</published></entry><entry><id>https://github.com/OWASP/CheatSheetSeries/pull/560</id><title>chore(cheatsheets): update language</title><updated>2021-03-15T21:37:41+00:00</updated><link href="https://github.com/OWASP/CheatSheetSeries/pull/560" rel="self"/><link href="https://github.com/OWASP/CheatSheetSeries/pull/560" rel="alternate"/><published>2021-03-15T21:37:41+00:00</published></entry><entry><id>https://github.com/OWASP/CheatSheetSeries/pull/561</id><title>chore(cheatsheets): update language</title><updated>2021-03-15T21:38:05+00:00</updated><link href="https://github.com/OWASP/CheatSheetSeries/pull/561" rel="self"/><link href="https://github.com/OWASP/CheatSheetSeries/pull/561" rel="alternate"/><published>2021-03-15T21:38:05+00:00</published></entry><entry><id>https://github.com/OWASP/CheatSheetSeries/pull/562</id><title>chore(cheatsheets): update language</title><updated>2021-03-15T21:37:35+00:00</updated><link href="https://github.com/OWASP/CheatSheetSeries/pull/562" rel="self"/><link href="https://github.com/OWASP/CheatSheetSeries/pull/562" rel="alternate"/><published>2021-03-15T21:37:35+00:00</published></entry><entry><id>https://github.com/OWASP/CheatSheetSeries/pull/563</id><title>chore(cheatsheets): update language</title><updated>2021-03-15T21:37:29+00:00</updated><link href="https://github.com/OWASP/CheatSheetSeries/pull/563" rel="self"/><link href="https://github.com/OWASP/CheatSheetSeries/pull/563" rel="alternate"/><published>2021-03-15T21:37:29+00:00</published></entry><entry><id>https://github.com/OWASP/CheatSheetSeries/pull/564</id><title>chore(cheatsheets): update language</title><updated>2021-03-15T20:41:55+00:00</updated><link href="https://github.com/OWASP/CheatSheetSeries/pull/564" rel="self"/><link href="https://github.com/OWASP/CheatSheetSeries/pull/564" rel="alternate"/><published>2021-03-15T20:41:55+00:00</published></entry><entry><id>https://github.com/OWASP/CheatSheetSeries/pull/565</id><title>chore(cheatsheets): update language</title><updated>2021-03-15T21:37:03+00:00</updated><link href="https://github.com/OWASP/CheatSheetSeries/pull/565" rel="self"/><link href="https://github.com/OWASP/CheatSheetSeries/pull/565" rel="alternate"/><published>2021-03-15T21:37:03+00:00</published></entry><entry><id>https://github.com/OWASP/CheatSheetSeries/pull/566</id><title>chore(cheatsheets): update language</title><updated>2021-03-15T21:35:54+00:00</updated><link href="https://github.com/OWASP/CheatSheetSeries/pull/566" rel="self"/><link href="https://github.com/OWASP/CheatSheetSeries/pull/566" rel="alternate"/><published>2021-03-15T21:35:54+00:00</published></entry><entry><id>https://github.com/OWASP/CheatSheetSeries/pull/567</id><title>chore(cheatsheets): update language</title><updated>2021-03-15T21:35:39+00:00</updated><link href="https://github.com/OWASP/CheatSheetSeries/pull/567" rel="self"/><link href="https://github.com/OWASP/CheatSheetSeries/pull/567" rel="alternate"/><published>2021-03-15T21:35:39+00:00</published></entry><entry><id>https://github.com/OWASP/CheatSheetSeries/pull/568</id><title>chore(cheatsheets): update language</title><updated>2021-03-15T21:35:24+00:00</updated><link href="https://github.com/OWASP/CheatSheetSeries/pull/568" rel="self"/><link href="https://github.com/OWASP/CheatSheetSeries/pull/568" rel="alternate"/><published>2021-03-15T21:35:24+00:00</published></entry><entry><id>https://github.com/OWASP/CheatSheetSeries/pull/569</id><title>chore(cheatsheets): update language</title><updated>2021-03-15T21:35:15+00:00</updated><link href="https://github.com/OWASP/CheatSheetSeries/pull/569" rel="self"/><link href="https://github.com/OWASP/CheatSheetSeries/pull/569" rel="alternate"/><published>2021-03-15T21:35:15+00:00</published></entry><entry><id>https://github.com/OWASP/CheatSheetSeries/pull/570</id><title>chore(cheatsheets): update language</title><updated>2021-03-15T21:35:03+00:00</updated><link href="https://github.com/OWASP/CheatSheetSeries/pull/570" rel="self"/><link href="https://github.com/OWASP/CheatSheetSeries/pull/570" rel="alternate"/><published>2021-03-15T21:35:03+00:00</published></entry><entry><id>https://github.com/OWASP/CheatSheetSeries/pull/571</id><title>chore(cheatsheets): update language</title><updated>2021-03-15T21:33:48+00:00</updated><link href="https://github.com/OWASP/CheatSheetSeries/pull/571" rel="self"/><link href="https://github.com/OWASP/CheatSheetSeries/pull/571" rel="alternate"/><published>2021-03-15T21:33:48+00:00</published></entry><entry><id>https://github.com/OWASP/CheatSheetSeries/pull/572</id><title>chore(cheatsheets): update language</title><updated>2021-03-15T21:33:10+00:00</updated><link href="https://github.com/OWASP/CheatSheetSeries/pull/572" rel="self"/><link href="https://github.com/OWASP/CheatSheetSeries/pull/572" rel="alternate"/><published>2021-03-15T21:33:10+00:00</published></entry><entry><id>https://github.com/OWASP/CheatSheetSeries/pull/573</id><title>chore(cheatsheets): update language</title><updated>2021-03-15T21:32:58+00:00</updated><link href="https://github.com/OWASP/CheatSheetSeries/pull/573" rel="self"/><link href="https://github.com/OWASP/CheatSheetSeries/pull/573" rel="alternate"/><published>2021-03-15T21:32:58+00:00</published></entry><entry><id>https://github.com/OWASP/CheatSheetSeries/pull/574</id><title>chore(cheatsheets): update language</title><updated>2021-03-15T21:30:56+00:00</updated><link href="https://github.com/OWASP/CheatSheetSeries/pull/574" rel="self"/><link href="https://github.com/OWASP/CheatSheetSeries/pull/574" rel="alternate"/><published>2021-03-15T21:30:56+00:00</published></entry><entry><id>https://github.com/OWASP/CheatSheetSeries/pull/575</id><title>chore(cheatsheets): update language</title><updated>2021-03-15T21:30:35+00:00</updated><link href="https://github.com/OWASP/CheatSheetSeries/pull/575" rel="self"/><link href="https://github.com/OWASP/CheatSheetSeries/pull/575" rel="alternate"/><published>2021-03-15T21:30:35+00:00</published></entry><entry><id>https://github.com/OWASP/CheatSheetSeries/pull/576</id><title>chore(cheatsheets): update language</title><updated>2021-03-15T21:30:15+00:00</updated><link href="https://github.com/OWASP/CheatSheetSeries/pull/576" rel="self"/><link href="https://github.com/OWASP/CheatSheetSeries/pull/576" rel="alternate"/><published>2021-03-15T21:30:15+00:00</published></entry><entry><id>https://github.com/OWASP/CheatSheetSeries/pull/577</id><title>chore(cheatsheets): update language</title><updated>2021-03-15T21:30:01+00:00</updated><link href="https://github.com/OWASP/CheatSheetSeries/pull/577" rel="self"/><link href="https://github.com/OWASP/CheatSheetSeries/pull/577" rel="alternate"/><published>2021-03-15T21:30:01+00:00</published></entry><entry><id>https://github.com/OWASP/CheatSheetSeries/pull/578</id><title>chore(cheatsheets): update language</title><updated>2021-03-15T21:29:45+00:00</updated><link href="https://github.com/OWASP/CheatSheetSeries/pull/578" rel="self"/><link href="https://github.com/OWASP/CheatSheetSeries/pull/578" rel="alternate"/><published>2021-03-15T21:29:45+00:00</published></entry><entry><id>https://github.com/OWASP/CheatSheetSeries/pull/579</id><title>chore(cheatsheets): update language</title><updated>2021-03-15T21:22:34+00:00</updated><link href="https://github.com/OWASP/CheatSheetSeries/pull/579" rel="self"/><link href="https://github.com/OWASP/CheatSheetSeries/pull/579" rel="alternate"/><published>2021-03-15T21:22:34+00:00</published></entry><entry><id>https://github.com/OWASP/CheatSheetSeries/pull/580</id><title>chore(cheatsheets): update language</title><updated>2021-03-15T21:22:24+00:00</updated><link href="https://github.com/OWASP/CheatSheetSeries/pull/580" rel="self"/><link href="https://github.com/OWASP/CheatSheetSeries/pull/580" rel="alternate"/><published>2021-03-15T21:22:24+00:00</published></entry><entry><id>https://github.com/OWASP/CheatSheetSeries/pull/581</id><title>chore(cheatsheets): update language</title><updated>2021-03-15T20:47:16+00:00</updated><link href="https://github.com/OWASP/CheatSheetSeries/pull/581" rel="self"/><link href="https://github.com/OWASP/CheatSheetSeries/pull/581" rel="alternate"/><published>2021-03-15T20:47:16+00:00</published></entry><entry><id>https://github.com/OWASP/CheatSheetSeries/pull/582</id><title>chore(cheatsheets): update language</title><updated>2021-03-15T20:47:07+00:00</updated><link href="https://github.com/OWASP/CheatSheetSeries/pull/582" rel="self"/><link href="https://github.com/OWASP/CheatSheetSeries/pull/582" rel="alternate"/><published>2021-03-15T20:47:07+00:00</published></entry><entry><id>https://github.com/OWASP/CheatSheetSeries/pull/583</id><title>chore(cheatsheets): update language</title><updated>2021-03-15T20:43:23+00:00</updated><link href="https://github.com/OWASP/CheatSheetSeries/pull/583" rel="self"/><link href="https://github.com/OWASP/CheatSheetSeries/pull/583" rel="alternate"/><published>2021-03-15T20:43:23+00:00</published></entry><entry><id>https://github.com/OWASP/CheatSheetSeries/pull/584</id><title>chore(cheatsheets): update language</title><updated>2021-03-15T20:43:13+00:00</updated><link href="https://github.com/OWASP/CheatSheetSeries/pull/584" rel="self"/><link href="https://github.com/OWASP/CheatSheetSeries/pull/584" rel="alternate"/><published>2021-03-15T20:43:13+00:00</published></entry><entry><id>https://github.com/OWASP/CheatSheetSeries/pull/585</id><title>chore(cheatsheets): update language</title><updated>2021-03-15T20:42:58+00:00</updated><link href="https://github.com/OWASP/CheatSheetSeries/pull/585" rel="self"/><link href="https://github.com/OWASP/CheatSheetSeries/pull/585" rel="alternate"/><published>2021-03-15T20:42:58+00:00</published></entry><entry><id>https://github.com/OWASP/CheatSheetSeries/pull/586</id><title>chore(cheatsheets): update language</title><updated>2021-03-15T20:42:37+00:00</updated><link href="https://github.com/OWASP/CheatSheetSeries/pull/586" rel="self"/><link href="https://github.com/OWASP/CheatSheetSeries/pull/586" rel="alternate"/><published>2021-03-15T20:42:37+00:00</published></entry><entry><id>https://github.com/OWASP/CheatSheetSeries/pull/587</id><title>chore(cheatsheets): update language</title><updated>2021-03-15T20:42:21+00:00</updated><link href="https://github.com/OWASP/CheatSheetSeries/pull/587" rel="self"/><link href="https://github.com/OWASP/CheatSheetSeries/pull/587" rel="alternate"/><published>2021-03-15T20:42:21+00:00</published></entry><entry><id>https://github.com/OWASP/CheatSheetSeries/pull/588</id><title>chore(cheatsheets): update language</title><updated>2021-03-15T20:42:06+00:00</updated><link href="https://github.com/OWASP/CheatSheetSeries/pull/588" rel="self"/><link href="https://github.com/OWASP/CheatSheetSeries/pull/588" rel="alternate"/><published>2021-03-15T20:42:06+00:00</published></entry><entry><id>https://github.com/OWASP/CheatSheetSeries/pull/589</id><title>chore(cheatsheets): update language</title><updated>2021-03-15T20:41:41+00:00</updated><link href="https://github.com/OWASP/CheatSheetSeries/pull/589" rel="self"/><link href="https://github.com/OWASP/CheatSheetSeries/pull/589" rel="alternate"/><published>2021-03-15T20:41:41+00:00</published></entry><entry><id>https://github.com/OWASP/CheatSheetSeries/pull/590</id><title>chore(cheatsheets): update language</title><updated>2021-03-15T20:41:27+00:00</updated><link href="https://github.com/OWASP/CheatSheetSeries/pull/590" rel="self"/><link href="https://github.com/OWASP/CheatSheetSeries/pull/590" rel="alternate"/><published>2021-03-15T20:41:27+00:00</published></entry><entry><id>https://github.com/OWASP/CheatSheetSeries/pull/591</id><title>chore(cheatsheets): update language</title><updated>2021-03-15T20:41:10+00:00</updated><link href="https://github.com/OWASP/CheatSheetSeries/pull/591" rel="self"/><link href="https://github.com/OWASP/CheatSheetSeries/pull/591" rel="alternate"/><published>2021-03-15T20:41:10+00:00</published></entry><entry><id>https://github.com/OWASP/CheatSheetSeries/pull/592</id><title>chore(cheatsheets): update language</title><updated>2021-03-15T20:40:57+00:00</updated><link href="https://github.com/OWASP/CheatSheetSeries/pull/592" rel="self"/><link href="https://github.com/OWASP/CheatSheetSeries/pull/592" rel="alternate"/><published>2021-03-15T20:40:57+00:00</published></entry><entry><id>https://github.com/OWASP/CheatSheetSeries/pull/593</id><title>chore(cheatsheets): update language</title><updated>2021-03-15T20:40:44+00:00</updated><link href="https://github.com/OWASP/CheatSheetSeries/pull/593" rel="self"/><link href="https://github.com/OWASP/CheatSheetSeries/pull/593" rel="alternate"/><published>2021-03-15T20:40:44+00:00</published></entry><entry><id>https://github.com/OWASP/CheatSheetSeries/pull/594</id><title>cheatsheets/Microservices_security.md: made first letter of TOC links lowercase</title><updated>2021-03-16T16:19:04+00:00</updated><link href="https://github.com/OWASP/CheatSheetSeries/pull/594" rel="self"/><link href="https://github.com/OWASP/CheatSheetSeries/pull/594" rel="alternate"/><published>2021-03-16T16:19:04+00:00</published></entry><entry><id>https://github.com/OWASP/CheatSheetSeries/pull/596</id><title>Updates to pw storage cheatsheet</title><updated>2021-03-17T08:21:41+00:00</updated><link href="https://github.com/OWASP/CheatSheetSeries/pull/596" rel="self"/><link href="https://github.com/OWASP/CheatSheetSeries/pull/596" rel="alternate"/><published>2021-03-17T08:21:41+00:00</published></entry><entry><id>https://github.com/OWASP/CheatSheetSeries/pull/597</id><title>Update advice about hashing long passwords with PBKDF2</title><updated>2021-03-18T14:13:20+00:00</updated><link href="https://github.com/OWASP/CheatSheetSeries/pull/597" rel="self"/><link href="https://github.com/OWASP/CheatSheetSeries/pull/597" rel="alternate"/><published>2021-03-18T14:13:20+00:00</published></entry><entry><id>https://github.com/OWASP/CheatSheetSeries/pull/598</id><title>Fix wording after rework of bcrypt advice</title><updated>2021-03-18T15:19:08+00:00</updated><link href="https://github.com/OWASP/CheatSheetSeries/pull/598" rel="self"/><link href="https://github.com/OWASP/CheatSheetSeries/pull/598" rel="alternate"/><published>2021-03-18T15:19:08+00:00</published></entry><entry><id>https://github.com/OWASP/CheatSheetSeries/pull/600</id><title>fixes small typo</title><updated>2021-03-19T21:15:01+00:00</updated><link href="https://github.com/OWASP/CheatSheetSeries/pull/600" rel="self"/><link href="https://github.com/OWASP/CheatSheetSeries/pull/600" rel="alternate"/><published>2021-03-19T21:15:01+00:00</published></entry></feed>