<?xml version='1.0' encoding='UTF-8'?>
<feed xmlns="http://www.w3.org/2005/Atom" xml:lang="en"><id>https://cheatsheetseries.owasp.org/</id><title>OWASP Cheat Sheet Series update</title><updated>2020-07-19T05:34:59+00:00</updated><author><name>Core team</name><email>dominique.righetto@owasp.org</email></author><link href="https://cheatsheetseries.owasp.org" rel="self"/><link href="https://github.com/OWASP/CheatSheetSeries" rel="alternate"/><generator uri="https://lkiesow.github.io/python-feedgen" version="0.9.0">python-feedgen</generator><icon>https://cheatsheetseries.owasp.org/gitbook/images/favicon.ico</icon><subtitle>List of the last updates on the content</subtitle><entry><id>https://github.com/OWASP/CheatSheetSeries/pull/286</id><title>Cleaned up confusing words</title><updated>2019-11-05T08:48:15+00:00</updated><link href="https://github.com/OWASP/CheatSheetSeries/pull/286" rel="self"/><link href="https://github.com/OWASP/CheatSheetSeries/pull/286" rel="alternate"/><published>2019-11-05T08:48:15+00:00</published></entry><entry><id>https://github.com/OWASP/CheatSheetSeries/pull/288</id><title>Update the issue templates</title><updated>2019-11-14T20:51:28+00:00</updated><link href="https://github.com/OWASP/CheatSheetSeries/pull/288" rel="self"/><link href="https://github.com/OWASP/CheatSheetSeries/pull/288" rel="alternate"/><contributor><name>rbsec</name><uri>https://github.com/rbsec</uri></contributor><published>2019-11-14T20:51:28+00:00</published></entry><entry><id>https://github.com/OWASP/CheatSheetSeries/pull/289</id><title>Plural rather than possessive s</title><updated>2019-11-13T17:22:35+00:00</updated><link href="https://github.com/OWASP/CheatSheetSeries/pull/289" rel="self"/><link href="https://github.com/OWASP/CheatSheetSeries/pull/289" rel="alternate"/><published>2019-11-13T17:22:35+00:00</published></entry><entry><id>https://github.com/OWASP/CheatSheetSeries/pull/290</id><title>Add Awesome Node.js Security resources</title><updated>2019-11-14T21:11:58+00:00</updated><link href="https://github.com/OWASP/CheatSheetSeries/pull/290" rel="self"/><link href="https://github.com/OWASP/CheatSheetSeries/pull/290" rel="alternate"/><contributor><name>mackowski</name><uri>https://github.com/mackowski</uri></contributor><published>2019-11-14T21:11:58+00:00</published></entry><entry><id>https://github.com/OWASP/CheatSheetSeries/pull/291</id><title>Update Deserialization_Cheat_Sheet.md</title><updated>2019-12-12T14:45:12+00:00</updated><link href="https://github.com/OWASP/CheatSheetSeries/pull/291" rel="self"/><link href="https://github.com/OWASP/CheatSheetSeries/pull/291" rel="alternate"/><contributor><name>SPoint42</name><uri>https://github.com/SPoint42</uri></contributor><published>2019-12-12T14:45:12+00:00</published></entry><entry><id>https://github.com/OWASP/CheatSheetSeries/pull/292</id><title>Fix issue templates</title><updated>2019-11-20T09:52:41+00:00</updated><link href="https://github.com/OWASP/CheatSheetSeries/pull/292" rel="self"/><link href="https://github.com/OWASP/CheatSheetSeries/pull/292" rel="alternate"/><contributor><name>rbsec</name><uri>https://github.com/rbsec</uri></contributor><published>2019-11-20T09:52:41+00:00</published></entry><entry><id>https://github.com/OWASP/CheatSheetSeries/pull/294</id><title>Add link to MFA CS in authentication CS</title><updated>2019-11-17T08:13:09+00:00</updated><link href="https://github.com/OWASP/CheatSheetSeries/pull/294" rel="self"/><link href="https://github.com/OWASP/CheatSheetSeries/pull/294" rel="alternate"/><contributor><name>rbsec</name><uri>https://github.com/rbsec</uri></contributor><published>2019-11-17T08:13:09+00:00</published></entry><entry><id>https://github.com/OWASP/CheatSheetSeries/pull/295</id><title>Feat: GH Actions MD Linter</title><updated>2019-11-20T13:07:48+00:00</updated><link href="https://github.com/OWASP/CheatSheetSeries/pull/295" rel="self"/><link href="https://github.com/OWASP/CheatSheetSeries/pull/295" rel="alternate"/><contributor><name>ThunderSon</name><uri>https://github.com/ThunderSon</uri></contributor><published>2019-11-20T13:07:48+00:00</published></entry><entry><id>https://github.com/OWASP/CheatSheetSeries/pull/296</id><title>Improve password manager guidance</title><updated>2019-11-19T12:47:01+00:00</updated><link href="https://github.com/OWASP/CheatSheetSeries/pull/296" rel="self"/><link href="https://github.com/OWASP/CheatSheetSeries/pull/296" rel="alternate"/><contributor><name>rbsec</name><uri>https://github.com/rbsec</uri></contributor><published>2019-11-19T12:47:01+00:00</published></entry><entry><id>https://github.com/OWASP/CheatSheetSeries/pull/305</id><title>Rewrite of email validation guidance. Fixes #298</title><updated>2019-12-02T08:44:10+00:00</updated><link href="https://github.com/OWASP/CheatSheetSeries/pull/305" rel="self"/><link href="https://github.com/OWASP/CheatSheetSeries/pull/305" rel="alternate"/><contributor><name>rbsec</name><uri>https://github.com/rbsec</uri></contributor><published>2019-12-02T08:44:10+00:00</published></entry><entry><id>https://github.com/OWASP/CheatSheetSeries/pull/306</id><title>New CS: Database Security</title><updated>2019-12-27T10:01:12+00:00</updated><link href="https://github.com/OWASP/CheatSheetSeries/pull/306" rel="self"/><link href="https://github.com/OWASP/CheatSheetSeries/pull/306" rel="alternate"/><contributor><name>rbsec</name><uri>https://github.com/rbsec</uri></contributor><published>2019-12-27T10:01:12+00:00</published></entry><entry><id>https://github.com/OWASP/CheatSheetSeries/pull/308</id><title>Add table of contents to MFA</title><updated>2019-11-24T19:28:52+00:00</updated><link href="https://github.com/OWASP/CheatSheetSeries/pull/308" rel="self"/><link href="https://github.com/OWASP/CheatSheetSeries/pull/308" rel="alternate"/><contributor><name>rbsec</name><uri>https://github.com/rbsec</uri></contributor><published>2019-11-24T19:28:52+00:00</published></entry><entry><id>https://github.com/OWASP/CheatSheetSeries/pull/309</id><title>Fixed broken link to w3c</title><updated>2019-11-28T12:48:52+00:00</updated><link href="https://github.com/OWASP/CheatSheetSeries/pull/309" rel="self"/><link href="https://github.com/OWASP/CheatSheetSeries/pull/309" rel="alternate"/><published>2019-11-28T12:48:52+00:00</published></entry><entry><id>https://github.com/OWASP/CheatSheetSeries/pull/310</id><title>File Upload Rewrite</title><updated>2020-02-21T12:26:53+00:00</updated><link href="https://github.com/OWASP/CheatSheetSeries/pull/310" rel="self"/><link href="https://github.com/OWASP/CheatSheetSeries/pull/310" rel="alternate"/><contributor><name>ThunderSon</name><uri>https://github.com/ThunderSon</uri></contributor><published>2020-02-21T12:26:53+00:00</published></entry><entry><id>https://github.com/OWASP/CheatSheetSeries/pull/311</id><title>Add new resource to additional reading in JWT CS</title><updated>2019-12-04T08:04:39+00:00</updated><link href="https://github.com/OWASP/CheatSheetSeries/pull/311" rel="self"/><link href="https://github.com/OWASP/CheatSheetSeries/pull/311" rel="alternate"/><contributor><name>mackowski</name><uri>https://github.com/mackowski</uri></contributor><published>2019-12-04T08:04:39+00:00</published></entry><entry><id>https://github.com/OWASP/CheatSheetSeries/pull/313</id><title>Rewrite the weak token secret section with better grammar. #312</title><updated>2019-12-06T19:51:18+00:00</updated><link href="https://github.com/OWASP/CheatSheetSeries/pull/313" rel="self"/><link href="https://github.com/OWASP/CheatSheetSeries/pull/313" rel="alternate"/><contributor><name>rbsec</name><uri>https://github.com/rbsec</uri></contributor><published>2019-12-06T19:51:18+00:00</published></entry><entry><id>https://github.com/OWASP/CheatSheetSeries/pull/315</id><title>OAuth 2.0 Cheat Sheet</title><updated>2020-06-07T09:16:57+00:00</updated><link href="https://github.com/OWASP/CheatSheetSeries/pull/315" rel="self"/><link href="https://github.com/OWASP/CheatSheetSeries/pull/315" rel="alternate"/><published>2020-06-07T09:16:57+00:00</published></entry><entry><id>https://github.com/OWASP/CheatSheetSeries/pull/316</id><title>Add ToC and note about AWS IMDSv2</title><updated>2019-12-31T09:21:36+00:00</updated><link href="https://github.com/OWASP/CheatSheetSeries/pull/316" rel="self"/><link href="https://github.com/OWASP/CheatSheetSeries/pull/316" rel="alternate"/><contributor><name>mackowski</name><uri>https://github.com/mackowski</uri></contributor><published>2019-12-31T09:21:36+00:00</published></entry><entry><id>https://github.com/OWASP/CheatSheetSeries/pull/318</id><title>Add note about browsers marking cookies as SameSite=Lax by default.</title><updated>2019-12-18T11:33:14+00:00</updated><link href="https://github.com/OWASP/CheatSheetSeries/pull/318" rel="self"/><link href="https://github.com/OWASP/CheatSheetSeries/pull/318" rel="alternate"/><contributor><name>rbsec</name><uri>https://github.com/rbsec</uri></contributor><published>2019-12-18T11:33:14+00:00</published></entry><entry><id>https://github.com/OWASP/CheatSheetSeries/pull/323</id><title>Fix table in Microservices based Security Arch Doc</title><updated>2019-12-21T11:37:58+00:00</updated><link href="https://github.com/OWASP/CheatSheetSeries/pull/323" rel="self"/><link href="https://github.com/OWASP/CheatSheetSeries/pull/323" rel="alternate"/><published>2019-12-21T11:37:58+00:00</published></entry><entry><id>https://github.com/OWASP/CheatSheetSeries/pull/325</id><title>Update Cryptographic Storage CS</title><updated>2020-03-03T08:37:58+00:00</updated><link href="https://github.com/OWASP/CheatSheetSeries/pull/325" rel="self"/><link href="https://github.com/OWASP/CheatSheetSeries/pull/325" rel="alternate"/><contributor><name>rbsec</name><uri>https://github.com/rbsec</uri></contributor><published>2020-03-03T08:37:58+00:00</published></entry><entry><id>https://github.com/OWASP/CheatSheetSeries/pull/326</id><title>XXE CS: Castor XML config file defaults</title><updated>2019-12-24T10:41:56+00:00</updated><link href="https://github.com/OWASP/CheatSheetSeries/pull/326" rel="self"/><link href="https://github.com/OWASP/CheatSheetSeries/pull/326" rel="alternate"/><contributor><name>ThunderSon</name><uri>https://github.com/ThunderSon</uri></contributor><published>2019-12-24T10:41:56+00:00</published></entry><entry><id>https://github.com/OWASP/CheatSheetSeries/pull/327</id><title>Create some style guidelines</title><updated>2019-12-26T10:46:32+00:00</updated><link href="https://github.com/OWASP/CheatSheetSeries/pull/327" rel="self"/><link href="https://github.com/OWASP/CheatSheetSeries/pull/327" rel="alternate"/><contributor><name>rbsec</name><uri>https://github.com/rbsec</uri></contributor><published>2019-12-26T10:46:32+00:00</published></entry><entry><id>https://github.com/OWASP/CheatSheetSeries/pull/330</id><title>chore: URL encode parentheses</title><updated>2019-12-27T10:02:20+00:00</updated><link href="https://github.com/OWASP/CheatSheetSeries/pull/330" rel="self"/><link href="https://github.com/OWASP/CheatSheetSeries/pull/330" rel="alternate"/><contributor><name>ThunderSon</name><uri>https://github.com/ThunderSon</uri></contributor><published>2019-12-27T10:02:20+00:00</published></entry><entry><id>https://github.com/OWASP/CheatSheetSeries/pull/331</id><title>Fix Typo and Remove Extraneous Word</title><updated>2019-12-31T09:20:46+00:00</updated><link href="https://github.com/OWASP/CheatSheetSeries/pull/331" rel="self"/><link href="https://github.com/OWASP/CheatSheetSeries/pull/331" rel="alternate"/><contributor><name>dhurlburtusa</name><uri>https://github.com/dhurlburtusa</uri></contributor><published>2019-12-31T09:20:46+00:00</published></entry><entry><id>https://github.com/OWASP/CheatSheetSeries/pull/332</id><title>CSRF re-write</title><updated>2020-02-15T15:39:36+00:00</updated><link href="https://github.com/OWASP/CheatSheetSeries/pull/332" rel="self"/><link href="https://github.com/OWASP/CheatSheetSeries/pull/332" rel="alternate"/><contributor><name>mackowski</name><uri>https://github.com/mackowski</uri></contributor><published>2020-02-15T15:39:36+00:00</published></entry><entry><id>https://github.com/OWASP/CheatSheetSeries/pull/333</id><title>Fix Some Minor Issues</title><updated>2019-12-31T16:18:48+00:00</updated><link href="https://github.com/OWASP/CheatSheetSeries/pull/333" rel="self"/><link href="https://github.com/OWASP/CheatSheetSeries/pull/333" rel="alternate"/><published>2019-12-31T16:18:48+00:00</published></entry><entry><id>https://github.com/OWASP/CheatSheetSeries/pull/334</id><title>Grammar Cleanup</title><updated>2020-01-06T13:29:53+00:00</updated><link href="https://github.com/OWASP/CheatSheetSeries/pull/334" rel="self"/><link href="https://github.com/OWASP/CheatSheetSeries/pull/334" rel="alternate"/><contributor><name>dhurlburtusa</name><uri>https://github.com/dhurlburtusa</uri></contributor><published>2020-01-06T13:29:53+00:00</published></entry><entry><id>https://github.com/OWASP/CheatSheetSeries/pull/335</id><title>Typo Fix</title><updated>2020-01-06T19:43:13+00:00</updated><link href="https://github.com/OWASP/CheatSheetSeries/pull/335" rel="self"/><link href="https://github.com/OWASP/CheatSheetSeries/pull/335" rel="alternate"/><published>2020-01-06T19:43:13+00:00</published></entry><entry><id>https://github.com/OWASP/CheatSheetSeries/pull/337</id><title>Fix Grammar, Readability, and Other Changes</title><updated>2020-01-10T19:55:30+00:00</updated><link href="https://github.com/OWASP/CheatSheetSeries/pull/337" rel="self"/><link href="https://github.com/OWASP/CheatSheetSeries/pull/337" rel="alternate"/><contributor><name>dhurlburtusa</name><uri>https://github.com/dhurlburtusa</uri></contributor><published>2020-01-10T19:55:30+00:00</published></entry><entry><id>https://github.com/OWASP/CheatSheetSeries/pull/338</id><title>Fixed MFA Cheat Sheet spelling and grammar errors, added additional biometric con point.</title><updated>2020-01-10T17:50:48+00:00</updated><link href="https://github.com/OWASP/CheatSheetSeries/pull/338" rel="self"/><link href="https://github.com/OWASP/CheatSheetSeries/pull/338" rel="alternate"/><published>2020-01-10T17:50:48+00:00</published></entry><entry><id>https://github.com/OWASP/CheatSheetSeries/pull/339</id><title>Updates to Ruby on Rails Cheatsheet </title><updated>2020-01-11T13:52:52+00:00</updated><link href="https://github.com/OWASP/CheatSheetSeries/pull/339" rel="self"/><link href="https://github.com/OWASP/CheatSheetSeries/pull/339" rel="alternate"/><contributor><name>ankane</name><uri>https://github.com/ankane</uri></contributor><published>2020-01-11T13:52:52+00:00</published></entry><entry><id>https://github.com/OWASP/CheatSheetSeries/pull/341</id><title>Migrate cron (send old issues and PR details to slack) to GitHub actions</title><updated>2020-01-14T10:20:15+00:00</updated><link href="https://github.com/OWASP/CheatSheetSeries/pull/341" rel="self"/><link href="https://github.com/OWASP/CheatSheetSeries/pull/341" rel="alternate"/><contributor><name>rejahrehim</name><uri>https://github.com/rejahrehim</uri></contributor><published>2020-01-14T10:20:15+00:00</published></entry><entry><id>https://github.com/OWASP/CheatSheetSeries/pull/342</id><title>Migrate CI build job for publishing check from Travis to Github actions</title><updated>2020-01-15T10:04:35+00:00</updated><link href="https://github.com/OWASP/CheatSheetSeries/pull/342" rel="self"/><link href="https://github.com/OWASP/CheatSheetSeries/pull/342" rel="alternate"/><published>2020-01-15T10:04:35+00:00</published></entry><entry><id>https://github.com/OWASP/CheatSheetSeries/pull/344</id><title>Update DotNet_Security_Cheat_Sheet.md</title><updated>2020-01-16T10:01:19+00:00</updated><link href="https://github.com/OWASP/CheatSheetSeries/pull/344" rel="self"/><link href="https://github.com/OWASP/CheatSheetSeries/pull/344" rel="alternate"/><published>2020-01-16T10:01:19+00:00</published></entry><entry><id>https://github.com/OWASP/CheatSheetSeries/pull/345</id><title>Migrate CI job to build and deploy website from CircleCI to Github Actions</title><updated>2020-01-16T09:29:49+00:00</updated><link href="https://github.com/OWASP/CheatSheetSeries/pull/345" rel="self"/><link href="https://github.com/OWASP/CheatSheetSeries/pull/345" rel="alternate"/><published>2020-01-16T09:29:49+00:00</published></entry><entry><id>https://github.com/OWASP/CheatSheetSeries/pull/346</id><title>Remove CircleCI and Travis config files from gh-pages branch</title><updated>2020-01-16T09:46:00+00:00</updated><link href="https://github.com/OWASP/CheatSheetSeries/pull/346" rel="self"/><link href="https://github.com/OWASP/CheatSheetSeries/pull/346" rel="alternate"/><published>2020-01-16T09:46:00+00:00</published></entry><entry><id>https://github.com/OWASP/CheatSheetSeries/pull/347</id><title>Add slack notification for build status in Github actions</title><updated>2020-01-16T13:57:46+00:00</updated><link href="https://github.com/OWASP/CheatSheetSeries/pull/347" rel="self"/><link href="https://github.com/OWASP/CheatSheetSeries/pull/347" rel="alternate"/><published>2020-01-16T13:57:46+00:00</published></entry><entry><id>https://github.com/OWASP/CheatSheetSeries/pull/348</id><title>Fix dead links for implementing link checker</title><updated>2020-01-27T10:58:13+00:00</updated><link href="https://github.com/OWASP/CheatSheetSeries/pull/348" rel="self"/><link href="https://github.com/OWASP/CheatSheetSeries/pull/348" rel="alternate"/><published>2020-01-27T10:58:13+00:00</published></entry><entry><id>https://github.com/OWASP/CheatSheetSeries/pull/349</id><title>Migrate CI makrdown link check to Github actions</title><updated>2020-04-26T20:13:01+00:00</updated><link href="https://github.com/OWASP/CheatSheetSeries/pull/349" rel="self"/><link href="https://github.com/OWASP/CheatSheetSeries/pull/349" rel="alternate"/><published>2020-04-26T20:13:01+00:00</published></entry><entry><id>https://github.com/OWASP/CheatSheetSeries/pull/351</id><title>Rails cheatsheet updates</title><updated>2020-02-17T04:33:55+00:00</updated><link href="https://github.com/OWASP/CheatSheetSeries/pull/351" rel="self"/><link href="https://github.com/OWASP/CheatSheetSeries/pull/351" rel="alternate"/><contributor><name>ankane</name><uri>https://github.com/ankane</uri></contributor><published>2020-02-17T04:33:55+00:00</published></entry><entry><id>https://github.com/OWASP/CheatSheetSeries/pull/352</id><title>minor grammer fixes</title><updated>2020-01-30T12:07:08+00:00</updated><link href="https://github.com/OWASP/CheatSheetSeries/pull/352" rel="self"/><link href="https://github.com/OWASP/CheatSheetSeries/pull/352" rel="alternate"/><published>2020-01-30T12:07:08+00:00</published></entry><entry><id>https://github.com/OWASP/CheatSheetSeries/pull/353</id><title>Fix an incorrect and incomplete recommendation in the XXE CS. Fixes #321</title><updated>2020-02-16T15:23:03+00:00</updated><link href="https://github.com/OWASP/CheatSheetSeries/pull/353" rel="self"/><link href="https://github.com/OWASP/CheatSheetSeries/pull/353" rel="alternate"/><published>2020-02-16T15:23:03+00:00</published></entry><entry><id>https://github.com/OWASP/CheatSheetSeries/pull/356</id><title>Fix broken owasp.org links</title><updated>2020-02-18T10:11:30+00:00</updated><link href="https://github.com/OWASP/CheatSheetSeries/pull/356" rel="self"/><link href="https://github.com/OWASP/CheatSheetSeries/pull/356" rel="alternate"/><published>2020-02-18T10:11:30+00:00</published></entry><entry><id>https://github.com/OWASP/CheatSheetSeries/pull/358</id><title>Database cheatsheet typos correction</title><updated>2020-02-21T21:30:41+00:00</updated><link href="https://github.com/OWASP/CheatSheetSeries/pull/358" rel="self"/><link href="https://github.com/OWASP/CheatSheetSeries/pull/358" rel="alternate"/><published>2020-02-21T21:30:41+00:00</published></entry><entry><id>https://github.com/OWASP/CheatSheetSeries/pull/359</id><title>Rewrite of security questions CS</title><updated>2020-03-03T10:49:03+00:00</updated><link href="https://github.com/OWASP/CheatSheetSeries/pull/359" rel="self"/><link href="https://github.com/OWASP/CheatSheetSeries/pull/359" rel="alternate"/><contributor><name>rbsec</name><uri>https://github.com/rbsec</uri></contributor><published>2020-03-03T10:49:03+00:00</published></entry><entry><id>https://github.com/OWASP/CheatSheetSeries/pull/365</id><title>Fix broken URL in file upload CS</title><updated>2020-02-29T21:55:21+00:00</updated><link href="https://github.com/OWASP/CheatSheetSeries/pull/365" rel="self"/><link href="https://github.com/OWASP/CheatSheetSeries/pull/365" rel="alternate"/><contributor><name>rbsec</name><uri>https://github.com/rbsec</uri></contributor><published>2020-02-29T21:55:21+00:00</published></entry><entry><id>https://github.com/OWASP/CheatSheetSeries/pull/366</id><title>Rewrite of vulnerability disclosure CS</title><updated>2020-03-26T20:40:23+00:00</updated><link href="https://github.com/OWASP/CheatSheetSeries/pull/366" rel="self"/><link href="https://github.com/OWASP/CheatSheetSeries/pull/366" rel="alternate"/><contributor><name>rbsec</name><uri>https://github.com/rbsec</uri></contributor><published>2020-03-26T20:40:23+00:00</published></entry><entry><id>https://github.com/OWASP/CheatSheetSeries/pull/368</id><title>Chore: Update ReadMe to more concise</title><updated>2020-03-06T19:13:38+00:00</updated><link href="https://github.com/OWASP/CheatSheetSeries/pull/368" rel="self"/><link href="https://github.com/OWASP/CheatSheetSeries/pull/368" rel="alternate"/><published>2020-03-06T19:13:38+00:00</published></entry><entry><id>https://github.com/OWASP/CheatSheetSeries/pull/370</id><title>Update a few links in the preface</title><updated>2020-03-09T07:35:40+00:00</updated><link href="https://github.com/OWASP/CheatSheetSeries/pull/370" rel="self"/><link href="https://github.com/OWASP/CheatSheetSeries/pull/370" rel="alternate"/><published>2020-03-09T07:35:40+00:00</published></entry><entry><id>https://github.com/OWASP/CheatSheetSeries/pull/371</id><title>Update Input_Validation_Cheat_Sheet.md</title><updated>2020-03-11T08:46:26+00:00</updated><link href="https://github.com/OWASP/CheatSheetSeries/pull/371" rel="self"/><link href="https://github.com/OWASP/CheatSheetSeries/pull/371" rel="alternate"/><published>2020-03-11T08:46:26+00:00</published></entry><entry><id>https://github.com/OWASP/CheatSheetSeries/pull/372</id><title>Add note about why sending passwords via email is a bad idea</title><updated>2020-03-11T19:47:16+00:00</updated><link href="https://github.com/OWASP/CheatSheetSeries/pull/372" rel="self"/><link href="https://github.com/OWASP/CheatSheetSeries/pull/372" rel="alternate"/><contributor><name>rbsec</name><uri>https://github.com/rbsec</uri></contributor><published>2020-03-11T19:47:16+00:00</published></entry><entry><id>https://github.com/OWASP/CheatSheetSeries/pull/378</id><title>Remove X-XSS-Protection Response Header</title><updated>2020-05-04T16:47:44+00:00</updated><link href="https://github.com/OWASP/CheatSheetSeries/pull/378" rel="self"/><link href="https://github.com/OWASP/CheatSheetSeries/pull/378" rel="alternate"/><contributor><name>mackowski</name><uri>https://github.com/mackowski</uri></contributor><published>2020-05-04T16:47:44+00:00</published></entry><entry><id>https://github.com/OWASP/CheatSheetSeries/pull/379</id><title>Fix contributing links</title><updated>2020-03-30T20:30:31+00:00</updated><link href="https://github.com/OWASP/CheatSheetSeries/pull/379" rel="self"/><link href="https://github.com/OWASP/CheatSheetSeries/pull/379" rel="alternate"/><contributor><name>mackowski</name><uri>https://github.com/mackowski</uri></contributor><published>2020-03-30T20:30:31+00:00</published></entry><entry><id>https://github.com/OWASP/CheatSheetSeries/pull/381</id><title>add OWASP Threat Dragon and expand on MS TMT</title><updated>2020-04-02T19:15:31+00:00</updated><link href="https://github.com/OWASP/CheatSheetSeries/pull/381" rel="self"/><link href="https://github.com/OWASP/CheatSheetSeries/pull/381" rel="alternate"/><contributor><name>jgadsden</name><uri>https://github.com/jgadsden</uri></contributor><published>2020-04-02T19:15:31+00:00</published></entry><entry><id>https://github.com/OWASP/CheatSheetSeries/pull/382</id><title>Point to the correct Angular docs</title><updated>2020-04-02T18:31:35+00:00</updated><link href="https://github.com/OWASP/CheatSheetSeries/pull/382" rel="self"/><link href="https://github.com/OWASP/CheatSheetSeries/pull/382" rel="alternate"/><published>2020-04-02T18:31:35+00:00</published></entry><entry><id>https://github.com/OWASP/CheatSheetSeries/pull/384</id><title>Fixing links on CSRF prevention cheat sheet</title><updated>2020-04-15T18:30:39+00:00</updated><link href="https://github.com/OWASP/CheatSheetSeries/pull/384" rel="self"/><link href="https://github.com/OWASP/CheatSheetSeries/pull/384" rel="alternate"/><published>2020-04-15T18:30:39+00:00</published></entry><entry><id>https://github.com/OWASP/CheatSheetSeries/pull/387</id><title>Migration to mkdocs</title><updated>2020-05-31T13:41:29+00:00</updated><link href="https://github.com/OWASP/CheatSheetSeries/pull/387" rel="self"/><link href="https://github.com/OWASP/CheatSheetSeries/pull/387" rel="alternate"/><published>2020-05-31T13:41:29+00:00</published></entry><entry><id>https://github.com/OWASP/CheatSheetSeries/pull/388</id><title>Chore/update lint config</title><updated>2020-05-23T19:52:09+00:00</updated><link href="https://github.com/OWASP/CheatSheetSeries/pull/388" rel="self"/><link href="https://github.com/OWASP/CheatSheetSeries/pull/388" rel="alternate"/><published>2020-05-23T19:52:09+00:00</published></entry><entry><id>https://github.com/OWASP/CheatSheetSeries/pull/391</id><title>Clarify maximum password length guidelines in authentication CS. Fixe…</title><updated>2020-05-21T06:55:14+00:00</updated><link href="https://github.com/OWASP/CheatSheetSeries/pull/391" rel="self"/><link href="https://github.com/OWASP/CheatSheetSeries/pull/391" rel="alternate"/><contributor><name>rbsec</name><uri>https://github.com/rbsec</uri></contributor><published>2020-05-21T06:55:14+00:00</published></entry><entry><id>https://github.com/OWASP/CheatSheetSeries/pull/392</id><title>OS Command Injection - Grammar/Typo Fixes</title><updated>2020-05-16T17:12:26+00:00</updated><link href="https://github.com/OWASP/CheatSheetSeries/pull/392" rel="self"/><link href="https://github.com/OWASP/CheatSheetSeries/pull/392" rel="alternate"/><published>2020-05-16T17:12:26+00:00</published></entry><entry><id>https://github.com/OWASP/CheatSheetSeries/pull/396</id><title> chore: 4 spaces tabs</title><updated>2020-05-27T19:20:17+00:00</updated><link href="https://github.com/OWASP/CheatSheetSeries/pull/396" rel="self"/><link href="https://github.com/OWASP/CheatSheetSeries/pull/396" rel="alternate"/><contributor><name>ThunderSon</name><uri>https://github.com/ThunderSon</uri></contributor><published>2020-05-27T19:20:17+00:00</published></entry><entry><id>https://github.com/OWASP/CheatSheetSeries/pull/397</id><title>chore: lint Indexes and Preface</title><updated>2020-05-27T19:40:33+00:00</updated><link href="https://github.com/OWASP/CheatSheetSeries/pull/397" rel="self"/><link href="https://github.com/OWASP/CheatSheetSeries/pull/397" rel="alternate"/><published>2020-05-27T19:40:33+00:00</published></entry><entry><id>https://github.com/OWASP/CheatSheetSeries/pull/398</id><title>Typo fix in SSRF Cheat Sheet</title><updated>2020-05-31T14:10:03+00:00</updated><link href="https://github.com/OWASP/CheatSheetSeries/pull/398" rel="self"/><link href="https://github.com/OWASP/CheatSheetSeries/pull/398" rel="alternate"/><published>2020-05-31T14:10:03+00:00</published></entry><entry><id>https://github.com/OWASP/CheatSheetSeries/pull/399</id><title>Fix typo in NodeJS Cheat Sheet</title><updated>2020-06-01T19:10:18+00:00</updated><link href="https://github.com/OWASP/CheatSheetSeries/pull/399" rel="self"/><link href="https://github.com/OWASP/CheatSheetSeries/pull/399" rel="alternate"/><published>2020-06-01T19:10:18+00:00</published></entry><entry><id>https://github.com/OWASP/CheatSheetSeries/pull/401</id><title>Add outline for Authorization Cheat Sheet</title><updated>2020-06-08T10:12:55+00:00</updated><link href="https://github.com/OWASP/CheatSheetSeries/pull/401" rel="self"/><link href="https://github.com/OWASP/CheatSheetSeries/pull/401" rel="alternate"/><published>2020-06-08T10:12:55+00:00</published></entry><entry><id>https://github.com/OWASP/CheatSheetSeries/pull/402</id><title>Improve the inclusivity of the language in Access_Control_Cheat_Sheet.md</title><updated>2020-06-02T12:33:34+00:00</updated><link href="https://github.com/OWASP/CheatSheetSeries/pull/402" rel="self"/><link href="https://github.com/OWASP/CheatSheetSeries/pull/402" rel="alternate"/><published>2020-06-02T12:33:34+00:00</published></entry><entry><id>https://github.com/OWASP/CheatSheetSeries/pull/403</id><title>Chore: Broken Links</title><updated>2020-06-03T21:16:51+00:00</updated><link href="https://github.com/OWASP/CheatSheetSeries/pull/403" rel="self"/><link href="https://github.com/OWASP/CheatSheetSeries/pull/403" rel="alternate"/><published>2020-06-03T21:16:51+00:00</published></entry><entry><id>https://github.com/OWASP/CheatSheetSeries/pull/404</id><title>Feat/update threatmodeling cs</title><updated>2020-06-18T11:41:04+00:00</updated><link href="https://github.com/OWASP/CheatSheetSeries/pull/404" rel="self"/><link href="https://github.com/OWASP/CheatSheetSeries/pull/404" rel="alternate"/><contributor><name>ThunderSon</name><uri>https://github.com/ThunderSon</uri></contributor><published>2020-06-18T11:41:04+00:00</published></entry><entry><id>https://github.com/OWASP/CheatSheetSeries/pull/405</id><title>Remove table of contents</title><updated>2020-06-03T21:32:56+00:00</updated><link href="https://github.com/OWASP/CheatSheetSeries/pull/405" rel="self"/><link href="https://github.com/OWASP/CheatSheetSeries/pull/405" rel="alternate"/><published>2020-06-03T21:32:56+00:00</published></entry><entry><id>https://github.com/OWASP/CheatSheetSeries/pull/407</id><title>Removed typo space causing rendering problems</title><updated>2020-06-05T07:17:48+00:00</updated><link href="https://github.com/OWASP/CheatSheetSeries/pull/407" rel="self"/><link href="https://github.com/OWASP/CheatSheetSeries/pull/407" rel="alternate"/><published>2020-06-05T07:17:48+00:00</published></entry><entry><id>https://github.com/OWASP/CheatSheetSeries/pull/408</id><title>Remove Whitespace Characters Before CodeBlocks</title><updated>2020-06-05T12:43:09+00:00</updated><link href="https://github.com/OWASP/CheatSheetSeries/pull/408" rel="self"/><link href="https://github.com/OWASP/CheatSheetSeries/pull/408" rel="alternate"/><published>2020-06-05T12:43:09+00:00</published></entry><entry><id>https://github.com/OWASP/CheatSheetSeries/pull/409</id><title>Remove a few trailing commas from the function table</title><updated>2020-06-06T14:38:01+00:00</updated><link href="https://github.com/OWASP/CheatSheetSeries/pull/409" rel="self"/><link href="https://github.com/OWASP/CheatSheetSeries/pull/409" rel="alternate"/><published>2020-06-06T14:38:01+00:00</published></entry><entry><id>https://github.com/OWASP/CheatSheetSeries/pull/410</id><title>Forgot Password CS Rewrite</title><updated>2020-06-22T05:57:39+00:00</updated><link href="https://github.com/OWASP/CheatSheetSeries/pull/410" rel="self"/><link href="https://github.com/OWASP/CheatSheetSeries/pull/410" rel="alternate"/><contributor><name>ThunderSon</name><uri>https://github.com/ThunderSon</uri></contributor><published>2020-06-22T05:57:39+00:00</published></entry><entry><id>https://github.com/OWASP/CheatSheetSeries/pull/411</id><title>Fix up formating in CSP CS</title><updated>2020-06-06T18:56:42+00:00</updated><link href="https://github.com/OWASP/CheatSheetSeries/pull/411" rel="self"/><link href="https://github.com/OWASP/CheatSheetSeries/pull/411" rel="alternate"/><published>2020-06-06T18:56:42+00:00</published></entry><entry><id>https://github.com/OWASP/CheatSheetSeries/pull/414</id><title>Correct terms spelling Github -&gt; GitHub</title><updated>2020-06-07T09:09:26+00:00</updated><link href="https://github.com/OWASP/CheatSheetSeries/pull/414" rel="self"/><link href="https://github.com/OWASP/CheatSheetSeries/pull/414" rel="alternate"/><published>2020-06-07T09:09:26+00:00</published></entry><entry><id>https://github.com/OWASP/CheatSheetSeries/pull/415</id><title>Fix markdown style to pass CI</title><updated>2020-06-07T09:08:37+00:00</updated><link href="https://github.com/OWASP/CheatSheetSeries/pull/415" rel="self"/><link href="https://github.com/OWASP/CheatSheetSeries/pull/415" rel="alternate"/><published>2020-06-07T09:08:37+00:00</published></entry><entry><id>https://github.com/OWASP/CheatSheetSeries/pull/416</id><title>MD040 Code-Fencing Disabled</title><updated>2020-06-07T09:23:56+00:00</updated><link href="https://github.com/OWASP/CheatSheetSeries/pull/416" rel="self"/><link href="https://github.com/OWASP/CheatSheetSeries/pull/416" rel="alternate"/><published>2020-06-07T09:23:56+00:00</published></entry><entry><id>https://github.com/OWASP/CheatSheetSeries/pull/418</id><title>Update XML CS with Python 2 EOL</title><updated>2020-06-07T13:12:28+00:00</updated><link href="https://github.com/OWASP/CheatSheetSeries/pull/418" rel="self"/><link href="https://github.com/OWASP/CheatSheetSeries/pull/418" rel="alternate"/><published>2020-06-07T13:12:28+00:00</published></entry><entry><id>https://github.com/OWASP/CheatSheetSeries/pull/419</id><title>[chore] Fix typos</title><updated>2020-06-13T20:55:30+00:00</updated><link href="https://github.com/OWASP/CheatSheetSeries/pull/419" rel="self"/><link href="https://github.com/OWASP/CheatSheetSeries/pull/419" rel="alternate"/><published>2020-06-13T20:55:30+00:00</published></entry><entry><id>https://github.com/OWASP/CheatSheetSeries/pull/422</id><title>Grammar update in the Access_Control_Cheat_Sheet.md cheatsheet.</title><updated>2020-06-16T08:14:41+00:00</updated><link href="https://github.com/OWASP/CheatSheetSeries/pull/422" rel="self"/><link href="https://github.com/OWASP/CheatSheetSeries/pull/422" rel="alternate"/><published>2020-06-16T08:14:41+00:00</published></entry><entry><id>https://github.com/OWASP/CheatSheetSeries/pull/426</id><title>Grammar update in Docker_Security_Cheat_Sheet</title><updated>2020-06-17T06:50:51+00:00</updated><link href="https://github.com/OWASP/CheatSheetSeries/pull/426" rel="self"/><link href="https://github.com/OWASP/CheatSheetSeries/pull/426" rel="alternate"/><published>2020-06-17T06:50:51+00:00</published></entry><entry><id>https://github.com/OWASP/CheatSheetSeries/pull/428</id><title>Add textlint and its config</title><updated>2020-07-14T12:59:05+00:00</updated><link href="https://github.com/OWASP/CheatSheetSeries/pull/428" rel="self"/><link href="https://github.com/OWASP/CheatSheetSeries/pull/428" rel="alternate"/><published>2020-07-14T12:59:05+00:00</published></entry><entry><id>https://github.com/OWASP/CheatSheetSeries/pull/429</id><title>Update contributation guidelines as the ToC is not longer needed</title><updated>2020-06-21T12:55:13+00:00</updated><link href="https://github.com/OWASP/CheatSheetSeries/pull/429" rel="self"/><link href="https://github.com/OWASP/CheatSheetSeries/pull/429" rel="alternate"/><published>2020-06-21T12:55:13+00:00</published></entry><entry><id>https://github.com/OWASP/CheatSheetSeries/pull/430</id><title>NodeJS Backticks HTML elements</title><updated>2020-06-22T09:03:28+00:00</updated><link href="https://github.com/OWASP/CheatSheetSeries/pull/430" rel="self"/><link href="https://github.com/OWASP/CheatSheetSeries/pull/430" rel="alternate"/><published>2020-06-22T09:03:28+00:00</published></entry><entry><id>https://github.com/OWASP/CheatSheetSeries/pull/431</id><title>Updated grammar in web service security cheatsheet</title><updated>2020-06-22T19:18:30+00:00</updated><link href="https://github.com/OWASP/CheatSheetSeries/pull/431" rel="self"/><link href="https://github.com/OWASP/CheatSheetSeries/pull/431" rel="alternate"/><published>2020-06-22T19:18:30+00:00</published></entry><entry><id>https://github.com/OWASP/CheatSheetSeries/pull/432</id><title>Update link in XXE CS</title><updated>2020-06-22T20:55:12+00:00</updated><link href="https://github.com/OWASP/CheatSheetSeries/pull/432" rel="self"/><link href="https://github.com/OWASP/CheatSheetSeries/pull/432" rel="alternate"/><published>2020-06-22T20:55:12+00:00</published></entry><entry><id>https://github.com/OWASP/CheatSheetSeries/pull/433</id><title>README Rewrite</title><updated>2020-06-25T20:11:52+00:00</updated><link href="https://github.com/OWASP/CheatSheetSeries/pull/433" rel="self"/><link href="https://github.com/OWASP/CheatSheetSeries/pull/433" rel="alternate"/><published>2020-06-25T20:11:52+00:00</published></entry><entry><id>https://github.com/OWASP/CheatSheetSeries/pull/436</id><title>Add recommendation to disable xp_dirtree and CLR execution</title><updated>2020-07-06T16:05:52+00:00</updated><link href="https://github.com/OWASP/CheatSheetSeries/pull/436" rel="self"/><link href="https://github.com/OWASP/CheatSheetSeries/pull/436" rel="alternate"/><published>2020-07-06T16:05:52+00:00</published></entry><entry><id>https://github.com/OWASP/CheatSheetSeries/pull/437</id><title>Fix typo</title><updated>2020-07-17T14:51:33+00:00</updated><link href="https://github.com/OWASP/CheatSheetSeries/pull/437" rel="self"/><link href="https://github.com/OWASP/CheatSheetSeries/pull/437" rel="alternate"/><published>2020-07-17T14:51:33+00:00</published></entry><entry><id>https://github.com/OWASP/CheatSheetSeries/pull/439</id><title>Fix link: Pre-Hashing Passwords</title><updated>2020-07-04T10:00:54+00:00</updated><link href="https://github.com/OWASP/CheatSheetSeries/pull/439" rel="self"/><link href="https://github.com/OWASP/CheatSheetSeries/pull/439" rel="alternate"/><published>2020-07-04T10:00:54+00:00</published></entry><entry><id>https://github.com/OWASP/CheatSheetSeries/pull/444</id><title>Update cookie prefix compatibility. Fixes #443</title><updated>2020-07-15T10:35:05+00:00</updated><link href="https://github.com/OWASP/CheatSheetSeries/pull/444" rel="self"/><link href="https://github.com/OWASP/CheatSheetSeries/pull/444" rel="alternate"/><published>2020-07-15T10:35:05+00:00</published></entry><entry><id>https://github.com/OWASP/CheatSheetSeries/pull/446</id><title> Replace hash with HMAC and clarify language. Fixes #442</title><updated>2020-07-18T21:48:13+00:00</updated><link href="https://github.com/OWASP/CheatSheetSeries/pull/446" rel="self"/><link href="https://github.com/OWASP/CheatSheetSeries/pull/446" rel="alternate"/><published>2020-07-18T21:48:13+00:00</published></entry></feed>